{  
   "type":"object",
   "$schema":"http://json-schema.org/draft-03/schema",
   "required":true,
   "properties":{  
      "product":{  
         "type":"object",
         "required":true,
         "properties":{  
            "description":{  
               "type":"object",
               "required":true,
               "properties":{  
                  "description":{  
                     "type":"string",
                     "required":true
                  },
                  "id":{  
                     "type":"string",
                     "required":true
                  },
                  "name":{  
                     "type":"string",
                     "required":true
                  }
               }
            },
            "price":{  
               "type":"object",
               "required":true,
               "properties":{  
                  "price":{  
                     "type":"string",
                     "required":true
                  }
               }
            }
         }
      }
   }
}