<?xml version="1.0" encoding="UTF-8"?>

<mule xmlns:dw="http://www.mulesoft.org/schema/mule/ee/dw" xmlns:json="http://www.mulesoft.org/schema/mule/json" xmlns:http="http://www.mulesoft.org/schema/mule/http" xmlns="http://www.mulesoft.org/schema/mule/core" xmlns:doc="http://www.mulesoft.org/schema/mule/documentation"
	xmlns:spring="http://www.springframework.org/schema/beans" 
	xmlns:xsi="http://www.w3.org/2001/XMLSchema-instance"
	xsi:schemaLocation="http://www.springframework.org/schema/beans http://www.springframework.org/schema/beans/spring-beans-current.xsd
http://www.mulesoft.org/schema/mule/core http://www.mulesoft.org/schema/mule/core/current/mule.xsd
http://www.mulesoft.org/schema/mule/json http://www.mulesoft.org/schema/mule/json/current/mule-json.xsd
http://www.mulesoft.org/schema/mule/http http://www.mulesoft.org/schema/mule/http/current/mule-http.xsd
http://www.mulesoft.org/schema/mule/ee/dw http://www.mulesoft.org/schema/mule/ee/dw/current/dw.xsd">
    <flow name="zoho_send_invoiceFlow">
        <json:validate-schema schemaLocation="schemas/sendInvoiceSchema.json" doc:name="Validate JSON Schema"/>
        <json:json-to-object-transformer encoding="UTF-8" mimeType="application/java" doc:name="JSON to Object" returnClass="java.util.HashMap"/>
        <set-variable variableName="notificacion" value="#[payload]" doc:name="notificacion"/>
        <dw:transform-message doc:name="Transform Message">
            <dw:set-payload><![CDATA[%dw 1.0
%output application/java
---
{
	JSONString:{
    send_from_org_email_id: false,
    "to_mail_ids": [
        payload.notification.invoice.customer.social.mail
    ],
    "subject": payload.notification.message.sender,
    "body": payload.notification.message.text
}
}]]></dw:set-payload>
        </dw:transform-message>
        <json:json-to-object-transformer returnClass="java.util.HashMap" encoding="UTF-8" mimeType="application/java" doc:name="JSON to Object"/>
        <logger message="#[payload]" level="INFO" doc:name="Logger"/>
        <http:request config-ref="http_zoho" path="${zoho.pathInvoice}/{invoice_id}/email?authtoken=${zoho.token}&amp;organization_id=${zoho.idorg}" method="POST" doc:name="HTTP">
            <http:request-builder>
                <http:uri-param paramName="invoice_id" value="#[flowVars.notificacion.notification.invoice.date.id]"/>
            </http:request-builder>
        </http:request>
        <dw:transform-message doc:name="Transform Message">
            <dw:set-payload><![CDATA[%dw 1.0
%output application/json
---
{
	code:"200",
	message:payload.message
}]]></dw:set-payload>
        </dw:transform-message>
    </flow>
</mule>
