{  
   "code":"200",
   "status":"ok",
   "response":{  
      "invoice":{  
         "date":{  
            "id":"id",
            "number":"number",
            "total":2000,
            "date":"date"
         },
         "customer":{
		    "personal":{
		      "firstName":"Cristian Camilo",
		      "lastName":"Zapata Torres"
		    },
		    "social":{
		      "mail":"cristianzapatat@gmail.com",
		      "cellNumber":"3217837066"
		    },
		    "localization":{
		      "country":"Colombia",
		      "state":"Quindio",
		      "city":"La Tebaida",
		      "addressStreet":"Calle 15 Numero 8-70"
		    },
		    "ids":{
		    	"id":"112222"
		    }
		  },
         "products":[  
            {  
               "product":{  
                  "description":{
                     "name":"name",
                     "description":"description"
                  },
                  "price":{
                  	 "coin":"coin", 
                     "price":"price"
                  },
                  "ids":{  
                     "id":"asas"
                  }
               }
            }
         ]
      }
   }
}