{  
   "code":"200",
   "status":"ok",
   "response":{  
      "invoice":{  
         "date":{  
            "id":"id",
            "number":"number",
            "total":2000
         },
         "customer":{  
            "ids":{  
               "id":"id"
            }
         },
         "products":[  
            {  
               "product":{  
                  "description":{  
                     "id":"id",
                     "name":"name",
                     "title":"title",
                     "description":"description"
                  },
                  "price":{  
                     "price":"price"
                  },
                  "ids":{  
                     "id":"asas"
                  }
               }
            },
            {  
               "product":{  
                  "description":{  
                     "id":"id",
                     "name":"name",
                     "title":"title",
                     "description":"description"
                  },
                  "price":{  
                     "price":"price"
                  },
                  "ids":{  
                     "id":"asas"
                  }
               }
            }
         ]
      }
   }
}