<?xml version="1.0" ?>
<ItemLookupResponse xmlns="http://webservices.amazon.com/AWSECommerceService/2011-08-01">
    <OperationRequest>
        <HTTPHeaders>
            <Header Name="UserAgent" Value="AHC/1.0"></Header>
        </HTTPHeaders>
        <RequestId>9ad3e48c-3543-4c7f-bfeb-6b6b2612a031</RequestId>
        <Arguments>
            <Argument Name="AWSAccessKeyId" Value="AKIAJ3D74NAIO57LJRNA"></Argument>
            <Argument Name="AssociateTag" Value="cloudeam-21"></Argument>
            <Argument Name="IdType" Value="ASIN"></Argument>
            <Argument Name="ItemId" Value="B017B1ALMC"></Argument>
            <Argument Name="Operation" Value="ItemLookup"></Argument>
            <Argument Name="ResponseGroup" Value="Images,ItemAttributes"></Argument>
            <Argument Name="Timestamp" Value="2017-04-15T01:05:47Z"></Argument>
            <Argument Name="Signature" Value="PkSLdLleU/H66oaltbWy00FGyIRr/STlhWb4Q8T1uyk="></Argument>
            <Argument Name="Service" Value="AWSECommerceService"></Argument>
        </Arguments>
        <RequestProcessingTime>0.0055792150000000</RequestProcessingTime>
    </OperationRequest>
    <Items>
        <Request>
            <IsValid>True</IsValid>
            <ItemLookupRequest>
                <IdType>ASIN</IdType>
                <ItemId>B017B1ALMC</ItemId>
                <ResponseGroup>Images</ResponseGroup>
                <ResponseGroup>ItemAttributes</ResponseGroup>
                <VariationPage>All</VariationPage>
            </ItemLookupRequest>
        </Request>
        <Item>
            <ASIN>B017B1ALMC</ASIN>
            <DetailPageURL>https://www.amazon.com/LEGO-CITY-Fire-Starter-60106/dp/B017B1ALMC?SubscriptionId=AKIAJ3D74NAIO57LJRNA&amp;tag=cloudeam-21&amp;linkCode=xm2&amp;camp=2025&amp;creative=165953&amp;creativeASIN=B017B1ALMC</DetailPageURL>
            <ItemLinks>
                <ItemLink>
                    <Description>Technical Details</Description>
                    <URL>https://www.amazon.com/LEGO-CITY-Fire-Starter-60106/dp/tech-data/B017B1ALMC?SubscriptionId=AKIAJ3D74NAIO57LJRNA&amp;tag=cloudeam-21&amp;linkCode=xm2&amp;camp=2025&amp;creative=386001&amp;creativeASIN=B017B1ALMC</URL>
                </ItemLink>
                <ItemLink>
                    <Description>Add To Baby Registry</Description>
                    <URL>https://www.amazon.com/gp/registry/baby/add-item.html?asin.0=B017B1ALMC&amp;SubscriptionId=AKIAJ3D74NAIO57LJRNA&amp;tag=cloudeam-21&amp;linkCode=xm2&amp;camp=2025&amp;creative=386001&amp;creativeASIN=B017B1ALMC</URL>
                </ItemLink>
                <ItemLink>
                    <Description>Add To Wedding Registry</Description>
                    <URL>https://www.amazon.com/gp/registry/wedding/add-item.html?asin.0=B017B1ALMC&amp;SubscriptionId=AKIAJ3D74NAIO57LJRNA&amp;tag=cloudeam-21&amp;linkCode=xm2&amp;camp=2025&amp;creative=386001&amp;creativeASIN=B017B1ALMC</URL>
                </ItemLink>
                <ItemLink>
                    <Description>Add To Wishlist</Description>
                    <URL>https://www.amazon.com/gp/registry/wishlist/add-item.html?asin.0=B017B1ALMC&amp;SubscriptionId=AKIAJ3D74NAIO57LJRNA&amp;tag=cloudeam-21&amp;linkCode=xm2&amp;camp=2025&amp;creative=386001&amp;creativeASIN=B017B1ALMC</URL>
                </ItemLink>
                <ItemLink>
                    <Description>Tell A Friend</Description>
                    <URL>https://www.amazon.com/gp/pdp/taf/B017B1ALMC?SubscriptionId=AKIAJ3D74NAIO57LJRNA&amp;tag=cloudeam-21&amp;linkCode=xm2&amp;camp=2025&amp;creative=386001&amp;creativeASIN=B017B1ALMC</URL>
                </ItemLink>
                <ItemLink>
                    <Description>All Customer Reviews</Description>
                    <URL>https://www.amazon.com/review/product/B017B1ALMC?SubscriptionId=AKIAJ3D74NAIO57LJRNA&amp;tag=cloudeam-21&amp;linkCode=xm2&amp;camp=2025&amp;creative=386001&amp;creativeASIN=B017B1ALMC</URL>
                </ItemLink>
                <ItemLink>
                    <Description>All Offers</Description>
                    <URL>https://www.amazon.com/gp/offer-listing/B017B1ALMC?SubscriptionId=AKIAJ3D74NAIO57LJRNA&amp;tag=cloudeam-21&amp;linkCode=xm2&amp;camp=2025&amp;creative=386001&amp;creativeASIN=B017B1ALMC</URL>
                </ItemLink>
            </ItemLinks>
            <SmallImage>
                <URL>https://images-na.ssl-images-amazon.com/images/I/61gUT3fRb2L._SL75_.jpg</URL>
                <Height Units="pixels">75</Height>
                <Width Units="pixels">75</Width>
            </SmallImage>
            <MediumImage>
                <URL>https://images-na.ssl-images-amazon.com/images/I/61gUT3fRb2L._SL160_.jpg</URL>
                <Height Units="pixels">160</Height>
                <Width Units="pixels">160</Width>
            </MediumImage>
            <LargeImage>
                <URL>https://images-na.ssl-images-amazon.com/images/I/61gUT3fRb2L.jpg</URL>
                <Height Units="pixels">500</Height>
                <Width Units="pixels">500</Width>
            </LargeImage>
            <ImageSets>
                <ImageSet Category="variant">
                    <SwatchImage>
                        <URL>https://images-na.ssl-images-amazon.com/images/I/61Q12c-hHQL._SL30_.jpg</URL>
                        <Height Units="pixels">27</Height>
                        <Width Units="pixels">30</Width>
                    </SwatchImage>
                    <SmallImage>
                        <URL>https://images-na.ssl-images-amazon.com/images/I/61Q12c-hHQL._SL75_.jpg</URL>
                        <Height Units="pixels">67</Height>
                        <Width Units="pixels">75</Width>
                    </SmallImage>
                    <ThumbnailImage>
                        <URL>https://images-na.ssl-images-amazon.com/images/I/61Q12c-hHQL._SL75_.jpg</URL>
                        <Height Units="pixels">67</Height>
                        <Width Units="pixels">75</Width>
                    </ThumbnailImage>
                    <TinyImage>
                        <URL>https://images-na.ssl-images-amazon.com/images/I/61Q12c-hHQL._SL110_.jpg</URL>
                        <Height Units="pixels">99</Height>
                        <Width Units="pixels">110</Width>
                    </TinyImage>
                    <MediumImage>
                        <URL>https://images-na.ssl-images-amazon.com/images/I/61Q12c-hHQL._SL160_.jpg</URL>
                        <Height Units="pixels">143</Height>
                        <Width Units="pixels">160</Width>
                    </MediumImage>
                    <LargeImage>
                        <URL>https://images-na.ssl-images-amazon.com/images/I/61Q12c-hHQL.jpg</URL>
                        <Height Units="pixels">448</Height>
                        <Width Units="pixels">500</Width>
                    </LargeImage>
                </ImageSet>
                <ImageSet Category="variant">
                    <SwatchImage>
                        <URL>https://images-na.ssl-images-amazon.com/images/I/612r2r1d3FL._SL30_.jpg</URL>
                        <Height Units="pixels">30</Height>
                        <Width Units="pixels">30</Width>
                    </SwatchImage>
                    <SmallImage>
                        <URL>https://images-na.ssl-images-amazon.com/images/I/612r2r1d3FL._SL75_.jpg</URL>
                        <Height Units="pixels">75</Height>
                        <Width Units="pixels">75</Width>
                    </SmallImage>
                    <ThumbnailImage>
                        <URL>https://images-na.ssl-images-amazon.com/images/I/612r2r1d3FL._SL75_.jpg</URL>
                        <Height Units="pixels">75</Height>
                        <Width Units="pixels">75</Width>
                    </ThumbnailImage>
                    <TinyImage>
                        <URL>https://images-na.ssl-images-amazon.com/images/I/612r2r1d3FL._SL110_.jpg</URL>
                        <Height Units="pixels">110</Height>
                        <Width Units="pixels">110</Width>
                    </TinyImage>
                    <MediumImage>
                        <URL>https://images-na.ssl-images-amazon.com/images/I/612r2r1d3FL._SL160_.jpg</URL>
                        <Height Units="pixels">160</Height>
                        <Width Units="pixels">160</Width>
                    </MediumImage>
                    <LargeImage>
                        <URL>https://images-na.ssl-images-amazon.com/images/I/612r2r1d3FL.jpg</URL>
                        <Height Units="pixels">500</Height>
                        <Width Units="pixels">500</Width>
                    </LargeImage>
                </ImageSet>
                <ImageSet Category="variant">
                    <SwatchImage>
                        <URL>https://images-na.ssl-images-amazon.com/images/I/41FqmCr6quL._SL30_.jpg</URL>
                        <Height Units="pixels">16</Height>
                        <Width Units="pixels">30</Width>
                    </SwatchImage>
                    <SmallImage>
                        <URL>https://images-na.ssl-images-amazon.com/images/I/41FqmCr6quL._SL75_.jpg</URL>
                        <Height Units="pixels">40</Height>
                        <Width Units="pixels">75</Width>
                    </SmallImage>
                    <ThumbnailImage>
                        <URL>https://images-na.ssl-images-amazon.com/images/I/41FqmCr6quL._SL75_.jpg</URL>
                        <Height Units="pixels">40</Height>
                        <Width Units="pixels">75</Width>
                    </ThumbnailImage>
                    <TinyImage>
                        <URL>https://images-na.ssl-images-amazon.com/images/I/41FqmCr6quL._SL110_.jpg</URL>
                        <Height Units="pixels">59</Height>
                        <Width Units="pixels">110</Width>
                    </TinyImage>
                    <MediumImage>
                        <URL>https://images-na.ssl-images-amazon.com/images/I/41FqmCr6quL._SL160_.jpg</URL>
                        <Height Units="pixels">86</Height>
                        <Width Units="pixels">160</Width>
                    </MediumImage>
                    <LargeImage>
                        <URL>https://images-na.ssl-images-amazon.com/images/I/41FqmCr6quL.jpg</URL>
                        <Height Units="pixels">269</Height>
                        <Width Units="pixels">500</Width>
                    </LargeImage>
                </ImageSet>
                <ImageSet Category="variant">
                    <SwatchImage>
                        <URL>https://images-na.ssl-images-amazon.com/images/I/51EmWTQNpuL._SL30_.jpg</URL>
                        <Height Units="pixels">29</Height>
                        <Width Units="pixels">30</Width>
                    </SwatchImage>
                    <SmallImage>
                        <URL>https://images-na.ssl-images-amazon.com/images/I/51EmWTQNpuL._SL75_.jpg</URL>
                        <Height Units="pixels">72</Height>
                        <Width Units="pixels">75</Width>
                    </SmallImage>
                    <ThumbnailImage>
                        <URL>https://images-na.ssl-images-amazon.com/images/I/51EmWTQNpuL._SL75_.jpg</URL>
                        <Height Units="pixels">72</Height>
                        <Width Units="pixels">75</Width>
                    </ThumbnailImage>
                    <TinyImage>
                        <URL>https://images-na.ssl-images-amazon.com/images/I/51EmWTQNpuL._SL110_.jpg</URL>
                        <Height Units="pixels">106</Height>
                        <Width Units="pixels">110</Width>
                    </TinyImage>
                    <MediumImage>
                        <URL>https://images-na.ssl-images-amazon.com/images/I/51EmWTQNpuL._SL160_.jpg</URL>
                        <Height Units="pixels">154</Height>
                        <Width Units="pixels">160</Width>
                    </MediumImage>
                    <LargeImage>
                        <URL>https://images-na.ssl-images-amazon.com/images/I/51EmWTQNpuL.jpg</URL>
                        <Height Units="pixels">481</Height>
                        <Width Units="pixels">500</Width>
                    </LargeImage>
                </ImageSet>
                <ImageSet Category="variant">
                    <SwatchImage>
                        <URL>https://images-na.ssl-images-amazon.com/images/I/41Evu-IFOFL._SL30_.jpg</URL>
                        <Height Units="pixels">30</Height>
                        <Width Units="pixels">29</Width>
                    </SwatchImage>
                    <SmallImage>
                        <URL>https://images-na.ssl-images-amazon.com/images/I/41Evu-IFOFL._SL75_.jpg</URL>
                        <Height Units="pixels">75</Height>
                        <Width Units="pixels">72</Width>
                    </SmallImage>
                    <ThumbnailImage>
                        <URL>https://images-na.ssl-images-amazon.com/images/I/41Evu-IFOFL._SL75_.jpg</URL>
                        <Height Units="pixels">75</Height>
                        <Width Units="pixels">72</Width>
                    </ThumbnailImage>
                    <TinyImage>
                        <URL>https://images-na.ssl-images-amazon.com/images/I/41Evu-IFOFL._SL110_.jpg</URL>
                        <Height Units="pixels">110</Height>
                        <Width Units="pixels">105</Width>
                    </TinyImage>
                    <MediumImage>
                        <URL>https://images-na.ssl-images-amazon.com/images/I/41Evu-IFOFL._SL160_.jpg</URL>
                        <Height Units="pixels">160</Height>
                        <Width Units="pixels">153</Width>
                    </MediumImage>
                    <LargeImage>
                        <URL>https://images-na.ssl-images-amazon.com/images/I/41Evu-IFOFL.jpg</URL>
                        <Height Units="pixels">500</Height>
                        <Width Units="pixels">477</Width>
                    </LargeImage>
                </ImageSet>
                <ImageSet Category="variant">
                    <SwatchImage>
                        <URL>https://images-na.ssl-images-amazon.com/images/I/41Ra4gXeWKL._SL30_.jpg</URL>
                        <Height Units="pixels">23</Height>
                        <Width Units="pixels">30</Width>
                    </SwatchImage>
                    <SmallImage>
                        <URL>https://images-na.ssl-images-amazon.com/images/I/41Ra4gXeWKL._SL75_.jpg</URL>
                        <Height Units="pixels">59</Height>
                        <Width Units="pixels">75</Width>
                    </SmallImage>
                    <ThumbnailImage>
                        <URL>https://images-na.ssl-images-amazon.com/images/I/41Ra4gXeWKL._SL75_.jpg</URL>
                        <Height Units="pixels">59</Height>
                        <Width Units="pixels">75</Width>
                    </ThumbnailImage>
                    <TinyImage>
                        <URL>https://images-na.ssl-images-amazon.com/images/I/41Ra4gXeWKL._SL110_.jpg</URL>
                        <Height Units="pixels">86</Height>
                        <Width Units="pixels">110</Width>
                    </TinyImage>
                    <MediumImage>
                        <URL>https://images-na.ssl-images-amazon.com/images/I/41Ra4gXeWKL._SL160_.jpg</URL>
                        <Height Units="pixels">125</Height>
                        <Width Units="pixels">160</Width>
                    </MediumImage>
                    <LargeImage>
                        <URL>https://images-na.ssl-images-amazon.com/images/I/41Ra4gXeWKL.jpg</URL>
                        <Height Units="pixels">391</Height>
                        <Width Units="pixels">500</Width>
                    </LargeImage>
                </ImageSet>
                <ImageSet Category="variant">
                    <SwatchImage>
                        <URL>https://images-na.ssl-images-amazon.com/images/I/514fA8Jh8rL._SL30_.jpg</URL>
                        <Height Units="pixels">27</Height>
                        <Width Units="pixels">30</Width>
                    </SwatchImage>
                    <SmallImage>
                        <URL>https://images-na.ssl-images-amazon.com/images/I/514fA8Jh8rL._SL75_.jpg</URL>
                        <Height Units="pixels">68</Height>
                        <Width Units="pixels">75</Width>
                    </SmallImage>
                    <ThumbnailImage>
                        <URL>https://images-na.ssl-images-amazon.com/images/I/514fA8Jh8rL._SL75_.jpg</URL>
                        <Height Units="pixels">68</Height>
                        <Width Units="pixels">75</Width>
                    </ThumbnailImage>
                    <TinyImage>
                        <URL>https://images-na.ssl-images-amazon.com/images/I/514fA8Jh8rL._SL110_.jpg</URL>
                        <Height Units="pixels">100</Height>
                        <Width Units="pixels">110</Width>
                    </TinyImage>
                    <MediumImage>
                        <URL>https://images-na.ssl-images-amazon.com/images/I/514fA8Jh8rL._SL160_.jpg</URL>
                        <Height Units="pixels">146</Height>
                        <Width Units="pixels">160</Width>
                    </MediumImage>
                    <LargeImage>
                        <URL>https://images-na.ssl-images-amazon.com/images/I/514fA8Jh8rL.jpg</URL>
                        <Height Units="pixels">455</Height>
                        <Width Units="pixels">500</Width>
                    </LargeImage>
                </ImageSet>
                <ImageSet Category="variant">
                    <SwatchImage>
                        <URL>https://images-na.ssl-images-amazon.com/images/I/41G38nB6%2B4L._SL30_.jpg</URL>
                        <Height Units="pixels">21</Height>
                        <Width Units="pixels">30</Width>
                    </SwatchImage>
                    <SmallImage>
                        <URL>https://images-na.ssl-images-amazon.com/images/I/41G38nB6%2B4L._SL75_.jpg</URL>
                        <Height Units="pixels">53</Height>
                        <Width Units="pixels">75</Width>
                    </SmallImage>
                    <ThumbnailImage>
                        <URL>https://images-na.ssl-images-amazon.com/images/I/41G38nB6%2B4L._SL75_.jpg</URL>
                        <Height Units="pixels">53</Height>
                        <Width Units="pixels">75</Width>
                    </ThumbnailImage>
                    <TinyImage>
                        <URL>https://images-na.ssl-images-amazon.com/images/I/41G38nB6%2B4L._SL110_.jpg</URL>
                        <Height Units="pixels">77</Height>
                        <Width Units="pixels">110</Width>
                    </TinyImage>
                    <MediumImage>
                        <URL>https://images-na.ssl-images-amazon.com/images/I/41G38nB6%2B4L._SL160_.jpg</URL>
                        <Height Units="pixels">113</Height>
                        <Width Units="pixels">160</Width>
                    </MediumImage>
                    <LargeImage>
                        <URL>https://images-na.ssl-images-amazon.com/images/I/41G38nB6%2B4L.jpg</URL>
                        <Height Units="pixels">352</Height>
                        <Width Units="pixels">500</Width>
                    </LargeImage>
                </ImageSet>
                <ImageSet Category="primary">
                    <SwatchImage>
                        <URL>https://images-na.ssl-images-amazon.com/images/I/61gUT3fRb2L._SL30_.jpg</URL>
                        <Height Units="pixels">30</Height>
                        <Width Units="pixels">30</Width>
                    </SwatchImage>
                    <SmallImage>
                        <URL>https://images-na.ssl-images-amazon.com/images/I/61gUT3fRb2L._SL75_.jpg</URL>
                        <Height Units="pixels">75</Height>
                        <Width Units="pixels">75</Width>
                    </SmallImage>
                    <ThumbnailImage>
                        <URL>https://images-na.ssl-images-amazon.com/images/I/61gUT3fRb2L._SL75_.jpg</URL>
                        <Height Units="pixels">75</Height>
                        <Width Units="pixels">75</Width>
                    </ThumbnailImage>
                    <TinyImage>
                        <URL>https://images-na.ssl-images-amazon.com/images/I/61gUT3fRb2L._SL110_.jpg</URL>
                        <Height Units="pixels">110</Height>
                        <Width Units="pixels">110</Width>
                    </TinyImage>
                    <MediumImage>
                        <URL>https://images-na.ssl-images-amazon.com/images/I/61gUT3fRb2L._SL160_.jpg</URL>
                        <Height Units="pixels">160</Height>
                        <Width Units="pixels">160</Width>
                    </MediumImage>
                    <LargeImage>
                        <URL>https://images-na.ssl-images-amazon.com/images/I/61gUT3fRb2L.jpg</URL>
                        <Height Units="pixels">500</Height>
                        <Width Units="pixels">500</Width>
                    </LargeImage>
                </ImageSet>
            </ImageSets>
            <ItemAttributes>
                <Binding>Toy</Binding>
                <Brand>LEGO</Brand>
                <CatalogNumberList>
                    <CatalogNumberListElement>60106B</CatalogNumberListElement>
                    <CatalogNumberListElement>GM-B017B1ALMC</CatalogNumberListElement>
                    <CatalogNumberListElement>LG-1330</CatalogNumberListElement>
                </CatalogNumberList>
                <EAN>0673419247443</EAN>
                <EANList>
                    <EANListElement>0673419247443</EANListElement>
                    <EANListElement>5194521409390</EANListElement>
                    <EANListElement>5702015591744</EANListElement>
                </EANList>
                <Edition>2016</Edition>
                <Feature>Features a fire hovercraft with turning propeller and accessories, and a pier with engine and fire elements</Feature>
                <Feature>Send the diver off the hovercraft into the water to rescue the stricken dockworker</Feature>
                <Feature>Accessory elements include a wrench, fire extinguisher and a life preserver</Feature>
                <Feature>Fire hovercraft measures over 1" (4cm) high, 3" (10cm) long and 1" (4cm) wide</Feature>
                <Feature>Pier measures over 3" (8cm) wide, 1" (4cm) deep and 1" (4cm) high</Feature>
                <Genre>strategy</Genre>
                <IsAdultProduct>0</IsAdultProduct>
                <ItemDimensions>
                    <Height Units="hundredths-inches">177</Height>
                    <Length Units="hundredths-inches">618</Length>
                    <Weight Units="hundredths-pounds">0</Weight>
                    <Width Units="hundredths-inches">555</Width>
                </ItemDimensions>
                <ItemPartNumber>6135811</ItemPartNumber>
                <Label>LEGO</Label>
                <ListPrice>
                    <Amount>699</Amount>
                    <CurrencyCode>USD</CurrencyCode>
                    <FormattedPrice>$6.99</FormattedPrice>
                </ListPrice>
                <Manufacturer>LEGO</Manufacturer>
                <ManufacturerMaximumAge Units="months">144</ManufacturerMaximumAge>
                <ManufacturerMinimumAge Units="months">60</ManufacturerMinimumAge>
                <Model>6135811</Model>
                <MPN>6135811</MPN>
                <NumberOfItems>1</NumberOfItems>
                <PackageDimensions>
                    <Height Units="hundredths-inches">189</Height>
                    <Length Units="hundredths-inches">622</Length>
                    <Weight Units="hundredths-pounds">31</Weight>
                    <Width Units="hundredths-inches">551</Width>
                </PackageDimensions>
                <PackageQuantity>1</PackageQuantity>
                <PartNumber>6135811</PartNumber>
                <ProductGroup>Toy</ProductGroup>
                <ProductTypeName>TOYS_AND_GAMES</ProductTypeName>
                <Publisher>LEGO</Publisher>
                <ReleaseDate>2016-01-01</ReleaseDate>
                <Studio>LEGO</Studio>
                <Title>LEGO CITY Fire Starter Set 60106</Title>
                <UPC>673419247443</UPC>
                <UPCList>
                    <UPCListElement>673419247443</UPCListElement>
                </UPCList>
                <Warranty>No Warranty</Warranty>
            </ItemAttributes>
        </Item>
    </Items>
</ItemLookupResponse>