{
  "code": 0,
  "message": "success",
  "contacts": [
    {
      "contact_id": "590388000000096039",
      "contact_name": "Cristian Camilo Zapata Torres",
      "company_name": "EAM",
      "contact_type": "customer",
      "status": "active",
      "source": "api",
      "is_linked_with_zohocrm": false,
      "payment_terms": 15,
      "payment_terms_label": "Net 15",
      "currency_id": "590388000000057018",
      "currency_code": "COP",
      "outstanding_receivable_amount": 0,
      "unused_credits_receivable_amount": 0,
      "first_name": "Cristian Camilo",
      "last_name": "Zapata Torres",
      "email": "cristianzapatat@gmail.com",
      "phone": "3217837066",
      "mobile": "3217837066",
      "created_time": "2017-04-15T11:49:17-0500",
      "last_modified_time": "2017-04-15T12:45:12-0500",
      "custom_fields": [
        {
          "customfield_id": "590388000000064035",
          "is_active": true,
          "show_in_all_pdf": true,
          "value_formatted": "1096038302221",
          "data_type": "string",
          "index": 1,
          "label": "SugarID",
          "show_on_pdf": true,
          "placeholder": "cf_sugarid",
          "value": "1096038302221"
        }
      ],
      "cf_sugarid": "1096038302221",
      "ach_supported": false,
      "has_attachment": false
    }
  ],
  "page_context": {
    "page": 1,
    "per_page": 200,
    "has_more_page": false,
    "report_name": "Contacts",
    "applied_filter": "Status.All",
    "sort_column": "contact_name",
    "sort_order": "A",
    "search_criteria": [
      {
        "column_name": "email",
        "search_text": "cristianzapatat@gmail.com",
        "comparator": "equal"
      }
    ]
  }
}