{
  "code": 0,
  "message": "The contact has been added.",
  "contact": {
    "contact_id": "590388000000095017",
    "contact_name": "Cristian Camilo Zapata Torres",
    "company_name": "EAM",
    "website": "eam.edu.com",
    "language_code": "es",
    "language_code_formatted": "español",
    "contact_salutation": "",
    "is_client_review_asked": false,
    "has_transaction": false,
    "contact_type": "customer",
    "owner_id": "",
    "owner_name": "",
    "source": "api",
    "documents": [],
    "twitter": "",
    "facebook": "",
    "is_crm_customer": false,
    "is_linked_with_zohocrm": false,
    "primary_contact_id": "590388000000095019",
    "zcrm_account_id": "",
    "zcrm_contact_id": "",
    "crm_owner_id": "",
    "payment_terms": 15,
    "payment_terms_label": "Net 15",
    "currency_id": "590388000000057018",
    "currency_code": "COP",
    "currency_symbol": "COP",
    "price_precision": 2,
    "outstanding_receivable_amount": 0,
    "outstanding_receivable_amount_bcy": 0,
    "unused_credits_receivable_amount": 0,
    "unused_credits_receivable_amount_bcy": 0,
    "status": "active",
    "payment_reminder_enabled": true,
    "is_client_review_settings_enabled": false,
    "custom_fields": [
      {
        "customfield_id": "590388000000064035",
        "is_active": true,
        "show_in_all_pdf": true,
        "value_formatted": "1096038302221",
        "data_type": "string",
        "index": 1,
        "label": "SugarID",
        "show_on_pdf": true,
        "placeholder": "cf_sugarid",
        "value": "1096038302221"
      }
    ],
    "cf_sugarid": "1096038302221",
    "ach_supported": false,
    "billing_address": {
      "address_id": "590388000000095020",
      "attention": "",
      "address": "",
      "city": "La Tebaida",
      "state": "Quindio",
      "zip": "94588",
      "country": "Colombia",
      "phone": "",
      "fax": ""
    },
    "shipping_address": {
      "address_id": "590388000000095022",
      "attention": "",
      "address": "",
      "city": "",
      "state": "",
      "zip": "",
      "country": "",
      "phone": "",
      "fax": ""
    },
    "contact_persons": [
      {
        "contact_person_id": "590388000000095019",
        "salutation": "M",
        "first_name": "Cristian Camilo",
        "last_name": "Zapata Torres",
        "email": "cristianzapatattttt@gmail.com",
        "phone": "3217837066",
        "mobile": "3217837066",
        "department": "",
        "designation": "",
        "skype": "",
        "fax": "",
        "zcrm_contact_id": "",
        "is_added_in_portal": false,
        "can_invite": true,
        "is_primary_contact": true,
        "is_portal_invitation_accepted": false,
        "photo_url": "https://secure.gravatar.com/avatar/045bff71777eeb7a40222c6b40a204cf?&d=mm"
      }
    ],
    "addresses": [],
    "pricebook_id": "",
    "pricebook_name": "",
    "default_templates": {
      "invoice_template_id": "",
      "invoice_template_name": "",
      "estimate_template_id": "",
      "estimate_template_name": "",
      "creditnote_template_id": "",
      "creditnote_template_name": "",
      "paymentthankyou_template_id": "",
      "paymentthankyou_template_name": "",
      "invoice_email_template_id": "",
      "invoice_email_template_name": "",
      "estimate_email_template_id": "",
      "estimate_email_template_name": "",
      "creditnote_email_template_id": "",
      "creditnote_email_template_name": "",
      "paymentthankyou_email_template_id": "",
      "paymentthankyou_email_template_name": ""
    },
    "associated_with_square": false,
    "cards": [],
    "checks": [],
    "bank_accounts": [],
    "notes": "",
    "created_time": "2017-04-15T11:38:48-0500",
    "last_modified_time": "2017-04-15T11:38:48-0500",
    "vendor_portal_url": ""
  }
}