{  
   "type":"object",
   "$schema":"http://json-schema.org/draft-03/schema",
   "properties":{  
      "invoice":{  
         "type":"object",
         "required":true,
         "properties":{  
            "customer":{  
               "type":"object",
               "required":true,
               "properties":{  
                  "ids":{  
                     "type":"object",
                     "required":true,
                     "properties":{  
                        "id":{  
                           "type":"string",
                           "required":true
                        }
                     }
                  }
               }
            },
            "products":{  
               "type":"array",
               "required":true,
               "items":{  
                  "type":"object",
                  "required":true,
                  "properties":{  
                     "product":{  
                        "type":"object",
                        "required":true,
                        "properties":{  
                           "description":{  
                              "type":"object",
                              "required":true,
                              "properties":{
                                 "description":{  
                                    "type":"string",
                                    "required":true
                                 },
                                 "id":{  
                                    "type":"string",
                                    "required":true
                                 },
                                 "name":{  
                                    "type":"string",
                                    "required":true
                                 },
                                 "title":{  
                                    "type":"string",
                                    "required":true
                                 }
                              }
                           },
                           "ids":{  
                              "type":"object",
                              "required":true,
                              "properties":{  
                                 "id":{  
                                    "type":"string",
                                    "required":true
                                 }
                              }
                           },
                           "price":{  
                              "type":"object",
                              "required":true,
                              "properties":{  
                                 "price":{  
                                    "type":"string",
                                    "required":true
                                 }
                              }
                           },
                           "qty":{
                           		"type":"object",
                           		"required":true,
                           		"properties":{
                           			"qty":{
                           				"type":"string",
                           				"required":true
                           			}
                           		}
                           }
                        }
                     }
                  }
               }
            }
         }
      }
   }
}