{  
   "type":"object",
   "$schema":"http://json-schema.org/draft-03/schema",
   "required":true,
   "properties":{  
      "notification":{  
         "type":"object",
         "required":true,
         "properties":{  
            "customer":{  
               "type":"object",
               "required":true,
               "properties":{  
                  "social":{  
                     "type":"object",
                     "required":true,
                     "properties":{  
	                  "mail":{  
	                     "type":"string",
	                     "required":true
	                  },
	                  "cellNumber":{
	                  	 "type":"string",
	                     "required":true
	                  }
	               	}
                  }
               }
            },
            "message":{  
               "type":"object",
               "required":true,
               "properties":{  
                  "sender":{  
                     "type":"string",
                     "required":true                     
	              },
	              "text":{
	              	 "type":"string",
                     "required":true 
	              }                  
               }
            }
         }
      }
   }
}