{  
   "type":"object",
   "$schema":"http://json-schema.org/draft-03/schema",
   "required":true,
   "properties":{  
      "payment":{  
         "type":"object",
         "required":true,
         "properties":{  
            "card":{  
               "type":"object",
               "required":true,
               "properties":{  
                  "expirationDate":{  
                     "type":"string",
                     "required":true
                  },
                  "name":{  
                     "type":"string",
                     "required":true
                  },
                  "number":{  
                     "type":"string",
                     "required":true
                  },
                  "paymentCountry":{  
                     "type":"string",
                     "required":true
                  },
                  "paymentMethod":{  
                     "type":"string",
                     "required":true
                  },
                  "securityCode":{  
                     "type":"string",
                     "required":true
                  }
               }
            },
            "customer":{  
               "type":"object",
               "required":true,
               "properties":{  
                  "identification":{  
                     "type":"object",
                     "required":true,
                     "properties":{  
                        "number":{  
                           "type":"string",
                           "required":true
                        },
                        "type":{  
                           "type":"string",
                           "required":true
                        }
                     }
                  },
                  "ids":{  
                     "type":"object",
                     "required":true,
                     "properties":{  
                        "id":{  
                           "type":"string",
                           "required":true
                        }
                     }
                  },
                  "localization":{  
                     "type":"object",
                     "required":true,
                     "properties":{  
                        "addressStreet":{  
                           "type":"string",
                           "required":true
                        },
                        "city":{  
                           "type":"string",
                           "required":true
                        },
                        "country":{  
                           "type":"string",
                           "required":true
                        },
                        "state":{  
                           "type":"string",
                           "required":true
                        }
                     }
                  },
                  "personal":{  
                     "type":"object",
                     "required":true,
                     "properties":{  
                        "age":{  
                           "type":"string",
                           "required":true
                        },
                        "firstName":{  
                           "type":"string",
                           "required":true
                        },
                        "lastName":{  
                           "type":"string",
                           "required":true
                        },
                        "sex":{  
                           "type":"string",
                           "required":true
                        }
                     }
                  },
                  "social":{  
                     "type":"object",
                     "required":true,
                     "properties":{  
                        "cellNumber":{  
                           "type":"string",
                           "required":true
                        },
                        "mail":{  
                           "type":"string",
                           "required":true
                        }
                     }
                  }
               }
            },
            "value":{  
               "type":"object",
               "required":true,
               "properties":{  
                  "value":{  
                     "type":"number",
                     "required":true
                  }
               }
            }
         }
      }
   }
}