{
    "$schema": "http://json-schema.org/draft-04/schema#",
    "definitions": {},
    "id": "http://example.com/example.json",
    "properties": {
        "notification": {
            "id": "/properties/notification",
            "properties": {
                "invoice": {
                    "id": "/properties/notification/properties/invoice",
                    "properties": {
                        "customer": {
                            "id": "/properties/notification/properties/invoice/properties/customer",
                            "properties": {
                                "social": {
                                    "id": "/properties/notification/properties/invoice/properties/customer/properties/social",
                                    "properties": {
                                        "mail": {
                                            "id": "/properties/notification/properties/invoice/properties/customer/properties/social/properties/mail",
                                            "type": "string"
                                        }
                                    },
                                    "type": "object"
                                }
                            },
                            "type": "object"
                        },
                        "date": {
                            "id": "/properties/notification/properties/invoice/properties/date",
                            "properties": {
                                "id": {
                                    "id": "/properties/notification/properties/invoice/properties/date/properties/id",
                                    "type": "string"
                                }
                            },
                            "type": "object"
                        }
                    },
                    "type": "object"
                },
                "message": {
                    "id": "/properties/notification/properties/message",
                    "properties": {
                        "sender": {
                            "id": "/properties/notification/properties/message/properties/sender",
                            "type": "string"
                        },
                        "text": {
                            "id": "/properties/notification/properties/message/properties/text",
                            "type": "string"
                        }
                    },
                    "type": "object"
                }
            },
            "type": "object"
        }
    },
    "type": "object"
}