{
"products":[{
  "code": "200",
  "status": "Ok",
  "response": {
    "product": {
      "description": {
        "id": "B017B1ALMC",
        "name": "LEGO",
        "brand": "LEGO",
        "title": "LEGO CITY Fire Starter Set 60106",
        "description": "Features a fire hovercraft with turning propeller and accessories, and a pier with engine and fire elements"
      },
      "image": {
        "small": "https://images-na.ssl-images-amazon.com/images/I/61gUT3fRb2L._SL75_.jpg",
        "medium": "https://images-na.ssl-images-amazon.com/images/I/61gUT3fRb2L._SL160_.jpg",
        "large": "https://images-na.ssl-images-amazon.com/images/I/61gUT3fRb2L.jpg"
      },
      "price": {
        "coin": "USD",
        "price": "$6.99"
      }
    }
  }
}
]
}