{
    "id": "58f3abc81f7a2f421",
    "name": "Cristian2 Camilo2 Zapata2 Torres 2",
    "deleted": false,
    "salutationName": "M",
    "firstName": "Cristian2 Camilo2",
    "lastName": "Zapata2 Torres 2",
    "description": "Cliente",
    "doNotCall": true,
    "addressStreet": "Calle 15 Numero 8-70",
    "addressCity": "La Tebaida",
    "addressState": "Quindio",
    "addressCountry": "Colombia",
    "addressPostalCode": "000000",
    "createdAt": "2017-04-16 17:37:12",
    "modifiedAt": "2017-04-16 17:37:12",
    "emailAddressData": [
      {
        "emailAddress": "cristianzapatat@gmail.com.coo",
        "primary": true
      }
    ],
    "phoneNumberData": [
      {
        "phoneNumber": "321783706642",
        "primary": true,
        "type": "Mobile"
      }
    ],
    "createdById": "1"
  }