{
  "code": 0,
  "message": "success",
  "invoice": {
    "invoice_id": "590388000000097058",
    "invoice_number": "INV-000020",
    "salesorder_id": "",
    "ach_payment_initiated": false,
    "zcrm_potential_id": "",
    "zcrm_potential_name": "",
    "date": "2017-04-16",
    "status": "draft",
    "payment_terms": 0,
    "payment_terms_label": "Due On Receipt",
    "due_date": "2017-04-16",
    "payment_expected_date": "",
    "payment_discount": 0,
    "stop_reminder_until_payment_expected_date": false,
    "last_payment_date": "",
    "reference_number": "",
    "customer_id": "590388000000096039",
    "estimate_id": "",
    "is_client_review_settings_enabled": false,
    "customer_name": "Cristian Zapata",
    "contact_persons": [],
    "currency_id": "590388000000057018",
    "currency_code": "COP",
    "currency_symbol": "COP",
    "exchange_rate": 1,
    "discount": 0,
    "discount_applied_on_amount": 0,
    "is_discount_before_tax": true,
    "discount_type": "item_level",
    "recurring_invoice_id": "",
    "documents": [],
    "is_viewed_by_client": false,
    "client_viewed_time": "",
    "is_inclusive_tax": false,
    "schedule_time": "",
    "line_items": [
      {
        "line_item_id": "590388000000097066",
        "item_id": "590388000000097001",
        "salesorder_item_id": "",
        "project_id": "",
        "time_entry_ids": "",
        "expense_id": "",
        "expense_receipt_name": "",
        "name": "Mouse Black h",
        "description": "CZT",
        "item_order": 1,
        "bcy_rate": 1200,
        "rate": 1200,
        "quantity": 1,
        "unit": "",
        "discount_amount": 0,
        "discount": 0,
        "tax_id": "",
        "tax_name": "",
        "tax_type": "tax",
        "tax_percentage": 0,
        "item_total": 1200,
        "documents": [],
        "item_custom_fields": []
      }
    ],
    "contact_persons_details": [
      {
        "contact_person_id": "590388000000095031",
        "first_name": "Cristian",
        "last_name": "Zapata",
        "email": "cristianzapatat@gmai.com",
        "phone": "3217837066",
        "mobile": "3217837066",
        "photo_url": "https://secure.gravatar.com/avatar/64a3959fadeb06d575ce1e3f076a1c33?&d=mm"
      }
    ],
    "shipping_charge": 0,
    "adjustment": 0,
    "adjustment_description": "",
    "late_fee": {
      "name": "",
      "type": "percentage",
      "rate": 0,
      "amount": 0,
      "frequency_type": "month"
    },
    "sub_total": 1200,
    "tax_total": 0,
    "total": 1200,
    "taxes": [],
    "payment_reminder_enabled": true,
    "payment_made": 0,
    "credits_applied": 0,
    "tax_amount_withheld": 0,
    "balance": 1200,
    "write_off_amount": 0,
    "allow_partial_payments": false,
    "price_precision": 2,
    "payment_options": {
      "payment_gateways": []
    },
    "is_emailed": false,
    "reminders_sent": 0,
    "last_reminder_sent_date": "",
    "next_reminder_date_formatted": "",
    "billing_address": {
      "address": "",
      "city": "La Tebaida",
      "state": "Quindio",
      "zip": "94588",
      "country": "Colombia",
      "fax": "",
      "attention": ""
    },
    "shipping_address": {
      "address": "",
      "city": "",
      "state": "",
      "zip": "",
      "country": "",
      "fax": "",
      "attention": ""
    },
    "notes": "Thanks for your business.",
    "terms": "",
    "custom_fields": [],
    "custom_field_hash": {},
    "template_id": "590388000000017001",
    "template_name": "Standard Template",
    "template_type": "standard",
    "page_width": "8.27in",
    "page_height": "11.69in",
    "orientation": "portrait",
    "created_time": "2017-04-16T10:55:15-0500",
    "last_modified_time": "2017-04-16T10:55:15-0500",
    "created_by_id": "590388000000057001",
    "attachment_name": "",
    "can_send_in_mail": false,
    "salesperson_id": "",
    "salesperson_name": "",
    "is_autobill_enabled": false,
    "invoice_url": "https://invoice.zoho.com/portal/comercioeam/secure?CInvoiceID=2-10b09a8bd6fc203f008a97196ad8ed112dcf47b7d675d03bdf660bb32ae94e6c5b1d34cd04f8c191416969872445279335ba8ea84c00aa83 "
  }
}