{
    "contact_name": "Bowman and Co",
    "company_name": "Bowman and Co",
    "payment_terms": 15,
    "currency_id": 460000000000097,
    "website": "www.bowmanfurniture.com",
    "custom_fields": [
        {
            "value": "GBGD078",
            "index": 1
        }
    ],
    "billing_address": {
        "street": "Harrington Bay Street",
        "city": "Pleasanton",
        "state": "CA",
        "zip": 94588,
        "country": "U.S.A"
    },
    "shipping_address": {
        "s_street": "Suite 125, McMillan Avenue",
        "s_city": "San Francisco",
        "s_state": "CA",
        "s_zip": 94134,
        "s_country": "U.S.A"
    },
    "contact_persons": [
        {
            "salutation": "Mr",
            "first_name": "Will",
            "last_name": "Smith",
            "email": "willsmith@bowmanfurniture.com",
            "phone": "+1-925-921-9201",
            "mobile": "+1-4054439562",
            "is_primary_contact": true
        }
    ],
    "default_templates": {
        "invoice_template_id": 460000000052069,
        "invoice_template_name": "Custom Classic",
        "estimate_template_id": 460000000000179,
        "estimate_template_name": "Service - Professional",
        "creditnote_template_id": 460000000000211,
        "creditnote_template_name": "Fixed Cost - Professional",
        "invoice_email_template_id": 460000000052071,
        "invoice_email_template_name": "Custom Invoice Notification",
        "estimate_email_template_id": 460000000052073,
        "estimate_email_template_name": "Custom Estimate Notification",
        "creditnote_email_template_id": 460000000052075,
        "creditnote_email_template_name": "Custom Credit Note Notification"
    },
    "language_code": "en",
    "notes": "Payment option : Through check",
    "tax_exemption_id": 11149000000061054,
    "tax_authority_id": 11149000000061052,
    "tax_id": 11149000000061058,
    "is_taxable": true,
    "facebook": "zoho",
    "twitter": "zoho"
}